name,area,id,total_space,lat,lng
壽山動物園停車場,鼓山區,501209098,15,22.63470,120.28037
凱旋青樹,苓雅區,501202091,23,22.63832,120.31768
中三經五路口,楠梓區,501210115,18,22.72344,120.30111
漯底山自然公園,彌陀區,501223004,14,22.77105,120.25343
梓信社區活動中心,梓官區,501213010,15,22.76458,120.26438
信蚵里社區聯合活動中心,梓官區,501213011,15,22.72949,120.25465
內環南經五路口,楠梓區,501210113,13,22.71752,120.30334
經四開發路口,楠梓區,501210114,16,22.72110,120.30347
環區一南二路口,前鎮區,501208113,20,22.59753,120.29395
環區四南二路口,前鎮區,501208114,20,22.59588,120.29137
中安桂平街口,小港區,501212063,16,22.58499,120.35237
高鐵大中二路口,左營區,501207126,20,22.68495,120.30584
橋都新南二街口,橋頭區,501220021,19,22.73305,120.30182
大舍南大舍南路96巷口,梓官區,501213009,12,22.74494,120.26227
博愛大順一路口(東北側),左營區,501207125,23,22.65643,120.30333
楠梓文中足球場,楠梓區,501210106,15,22.72540,120.28589
孔鳳兒童遊戲場,小港區,501212060,12,22.58239,120.35749
桂林兒童遊戲場,小港區,501212061,16,22.58049,120.35403
小港國中,小港區,501212062,22,22.56632,120.33854
漁港南一興漁三路口,前鎮區,501208112,32,22.56726,120.31593
潮寮國中,大寮區,501219024,15,22.56338,120.42570
琉球黃厝路口,大寮區,501219025,13,22.61488,120.40995
鳳雄國小,燕巢區,501228010,12,22.75347,120.35812
龍德新大順一路口,左營區,501207124,16,22.65610,120.31083
大順寶興路口,三民區,501203144,10,22.64446,120.32625
岡山文化中心(後門),岡山區,501216042,25,22.78258,120.29933
中山高級中學(藍昌路側),楠梓區,501210112,16,22.72960,120.29214
博愛公園(立大路側),左營區,501207122,17,22.67804,120.30608
華夏民族一路口,左營區,501207123,15,22.68814,120.32060
富榮公園,鳳山區,501206150,16,22.59636,120.33722
大順鐵道一街口,三民區,501203143,26,22.63685,120.32718
高雄車站(東南側),三民區,501203142,19,22.63785,120.30342
後安羽球館,仁武區,501214034,18,22.70859,120.34766
援中大學十七街口,楠梓區,501210111,30,22.72279,120.28470
修文一心二路口,前鎮區,501208111,15,22.611899,120.309591
鐵道同盟三路口,三民區,501203141,16,22.63651,120.28562
松樂松光街95巷口,小港區,501212059,14,22.56861,120.37758
鼓山鼓山三路209巷口,鼓山區,501209096,15,22.66511,120.28037
鼓山鼓山三路153巷口,鼓山區,501209097,15,22.66241,120.27796
民族自忠街口,三民區,501203139,15,22.64632,120.31429
博愛九如二路口(西北側),三民區,501203140,28,22.64143,120.30255
大寮運動公園,大寮區,501219023,11,22.60050,120.39266
瑞祥高中(忠誠路),前鎮區,501208110,20,22.60045,120.32398
七賢新盛一街口,前金區,501205039,17,22.63317,120.29551
大華夢公園,鳥松區,501218024,13,22.65177,120.34355
大社國中(中山路),大社區,501222008,15,22.73085,120.35566
台上里活動中心,岡山區,501216041,15,22.80618,120.29687
翠亨北漁港路口,前鎮區,501208109,17,22.58407,120.32520
惠義惠心街口,楠梓區,501210110,20,22.73090,120.32448
成功南橋新六路口,橋頭區,501220020,17,22.74954,120.31411
壽天國小,岡山區,501216040,17,22.79930,120.29165
都會公園停車場(德民路),楠梓區,501210109,15,22.73242,120.31912
興仁公園(興旺路),前鎮區,501208105,15,22.58612,120.31107
河南市中一路口,前金區,501205038,20,22.63304,120.28845
福誠一三誠路口,鳳山區,501206149,15,22.59277,120.32526
鐵道憲政路138巷口,三民區,501203138,20,22.63759,120.32357
大灣綜合活動中心,仁武區,501214033,16,22.67647,120.33775
籬仔內公園,前鎮區,501208108,19,22.60507,120.31976
海邊苓中路口,苓雅區,501202088,30,22.61595,120.29268
輕軌旅運中心站(海邊路),苓雅區,501202089,23,22.61177,120.29348
三多公有停車場,苓雅區,501202090,18,22.62401,120.33802
瑞南公園(瑞南街),前鎮區,501208103,15,22.59577,120.31737
文小九公園(鎮東五街),前鎮區,501208104,14,22.58878,120.31140
民瑞中山三路口,前鎮區,501208106,16,22.60426,120.30989
光華鄭和南路口,前鎮區,501208107,19,22.60531,120.31585
環河鳳東三街口,鳳山區,501206148,15,22.62859,120.38635
捷運大寮機廠,大寮區,501219022,14,22.62516,120.38725
中華美明路口,鼓山區,501209095,14,22.66475,120.29209
五福文武二街口,前金區,501205037,16,22.62209,120.29748
仕隆國小,橋頭區,501220017,15,22.74999,120.31122
大社區公所,大社區,501222007,13,22.73000,120.34664
路科六路科一路口,路竹區,501224011,20,22.83343,120.26263
楠梓國中,楠梓區,501210107,20,22.73592,120.32599
土庫公園,楠梓區,501210108,15,22.73723,120.33301
永忠兒童遊戲場,小港區,501212058,15,22.56442,120.36654
青海美術東四路口,鼓山區,501209094,16,22.65128,120.28923
國民市中一路口,前金區,501205036,15,22.62509,120.29168
新莊一文上路口,左營區,501207121,17,22.67154,120.30031
本洲里活動中心,岡山區,501216039,15,22.80980,120.26129
時代大道時代南二路口,前鎮區,501208102,18,22.59741,120.31114
三民區民眾活動中心,三民區,501203137,25,22.64950,120.32468
灣愛公園,三民區,501203136,15,22.65987,120.31819
富農龍德路口,鼓山區,501209090,14,22.65648,120.29743
美術東四美術東一路口,鼓山區,501209091,16,22.65589,120.29018
中正忠孝一路口,新興區,501201030,15,22.63098,120.30621
沿海工業一路口,林園區,501215010,15,22.49910,120.40603
九番埤濕地公園(霞海南二街),仁武區,501214032,15,22.68103,120.32428
內惟公園(九如四路側),鼓山區,501209092,16,22.65800,120.27881
大榮高中,鼓山區,501209093,15,22.65306,120.27919
同盟合江街口,三民區,501203134,17,22.65069,120.30832
鐵道平等路口,三民區,501203135,15,22.63803,120.32076
東側兒一公園,燕巢區,501228009,10,22.79640,120.32678
鹽埕市民廣場,鹽埕區,501204024,14,22.62583,120.28509
六合公園(六合一路),新興區,501201029,13,22.632833,120.30553
旗糖農創園區(停車場),旗山區,501229008,20,22.88174,120.49127
蓮潭滑水樂園,左營區,501207120,14,22.67842,120.29541
杭州公園,鳳山區,501206147,15,22.62123,120.37580
五林國小,橋頭區,501220018,13,22.75927,120.29405
橋頭國小,橋頭區,501220019,14,22.76183,120.30495
大苓里公園,小港區,501212055,16,22.56735,120.34802
廈莊兒童公園,小港區,501212056,15,22.58213,120.36110
旗糖農創園區,旗山區,501229007,18,22.87804,120.49619
莒光國小(後昌路782巷),楠梓區,501210105,15,22.71142,120.29635
七賢大公路口,鹽埕區,501204023,15,22.62742,120.28278
漢民宮安街口,小港區,501212057,15,22.56269,120.34965
高雄市青少年籃球場,苓雅區,501202087,20,22.62546,120.33332
天祥天祥一路142巷口,三民區,501203132,10,22.66773,120.31905
仁林中華路口,仁武區,501214031,17,22.703000,120.35422
建國青年路口,鳳山區,501206146,14,22.63735,120.35078
正氣兒童公園,岡山區,501216037,15,22.80929,120.28135
甲仙親水公園停車場,甲仙區,501235001,15,23.08244,120.58698
秋元皓東路口,三民區,501203133,14,22.65235,120.33646
經一東三街口,楠梓區,501210104,20,22.72155,120.30875
榕樹公園,三民區,501203131,20,22.64448,120.28942
甲圍公園,橋頭區,501220016,16,22.73874,120.29647
金富金和街口,楠梓區,501210103,20,22.72601,120.31947
河南中華三路口,前金區,501205035,16,22.63455,120.29307
龍德新新順路口,鼓山區,501209086,18,22.65440,120.30567
橋新環新東一街口,橋頭區,501220015,16,22.74015,120.31369
夢-飛翔公園,岡山區,501216035,15,22.78362,120.30382
茄萣國中,茄萣區,501217007,15,22.906916,120.181890
高雄大學活動中心,楠梓區,501210102,20,22.732230,120.280473
五福成功一路口,前金區,501205034,28,22.62120,120.29468
民權興中一路口,苓雅區,501202086,11,22.61868,120.31415
建興正忠路口,三民區,501203130,17,22.64215,120.33010
高坪高坪二十二路口,小港區,501212054,15,22.55453,120.37688
華美里活動中心,鳥松區,501218023,15,22.66229,120.39203
高雄第一殯儀館(本館路600巷),三民區,501203127,20,22.660508,120.33341
高雄第一殯儀館(家屬服務中心),三民區,501203128,15,22.661652,120.33242
鳳林宣武路口,大寮區,501219021,13,22.61385,120.38934
中和公園,鳳山區,501206145,15,22.62622,120.34603
澄清澄明街口,三民區,501203129,16,22.64528,120.34674
愛國超市(德賢店),楠梓區,501210101,15,22.72678,120.30758
前峰國小,岡山區,501216036,15,22.79152,120.28316
天天公園,鳳山區,501206144,16,22.62400,120.38137
七賢民族二路口,新興區,501201028,20,22.63388,120.31310
大埤忠誠路口,鳥松區,501218022,15,22.65850,120.36142
福德公園,鳥松區,501218021,15,22.659100,120.38234
八卦里公有停車場,仁武區,501214030,15,22.68265,120.331920
高雄國軍英雄館,苓雅區,501202085,24,22.620390,120.292910
大學援中路68巷口,楠梓區,501210100,15,22.72798,120.29460
介壽先勝路口,左營區,501207118,13,22.68118,120.280800
梓官老人日照中心,梓官區,501213008,15,22.75913,120.26859
台鐵鳳山車站(西側),鳳山區,501206136,20,22.63210,120.35498
和德街公園(南側),鳳山區,501206142,20,22.61843,120.35938
店鎮公園,小港區,501212052,15,22.56059,120.355160
捷運鳳山國中站(3號出口),鳳山區,501206141,22,22.62515,120.37365
鳳山高中(文建街),鳳山區,501206139,46,22.62973,120.34654
仁美國小,鳥松區,501218019,15,22.65805224,120.394311
江埤美德二街口,鳥松區,501218020,14,22.651945,120.39041
興東公園,前鎮區,501208100,19,22.61096,120.31494
壽山國中,鼓山區,501209088,15,22.63287,120.27845
勞工公園,前鎮區,501208095,25,22.60648,120.31005
家和五偉成街口,鳳山區,501206143,15,22.58611,120.344583
勝利工協街口,鳳山區,501206137,20,22.62995,120.37359
中安德仁路口,小港區,501212053,15,22.584838,120.34914
中安保華一路口,小港區,501212030,15,22.58398,120.34620
樂群國小,前鎮區,501208097,20,22.60746,120.32297
中華中華五路939巷口,前鎮區,501208099,15,22.60057,120.30646
鐵道建國一路62巷口,三民區,501203126,18,22.63516,120.33754
民族河南路口,新興區,501201027,11,22.63612,120.31388
新庄仔博愛二路口(東南側),左營區,501207119,14,22.66999,120.30412
宏平金府路口,小港區,501212051,16,22.56973,120.35440
高雄捷運股份有限公司,前鎮區,501208098,15,22.58298,120.33272
海涵紅毛港路口,鳳山區,501206140,20,22.59149,120.34488
三多文橫二路口,苓雅區,501202084,21,22.614933,120.307015
河華壽華路口,岡山區,501216034,13,22.80123,120.29121
惠智惠勇街口,楠梓區,501210099,15,22.73497,120.32385
霞海榮總路522巷口,仁武區,501214029,12,22.68776,120.32316
廣西梧州街口,前鎮區,501208096,14,22.61520,120.31571
五甲七老爺停車場,鳳山區,501206138,15,22.60130,120.34156
大寮國中,大寮區,501219020,17,22.60295,120.39265
田中央公園,林園區,501215009,15,22.50167,120.38878
大湖車站,路竹區,501224009,20,22.87812,120.25390
樹人醫護管理專科學校,路竹區,501224010,18,22.881647,120.260701
國民市場(仁愛三街),苓雅區,501202083,24,22.621487,120.30881
宏昌兒童遊戲場(加宏路191巷),楠梓區,501210098,17,22.71557,120.29465
新莊翠華路口,左營區,501207117,25,22.67466,120.29563
典寶溪A區滯洪池(清水路),岡山區,501216032,15,22.77876,120.28254
岡山陽明公園,岡山區,501216033,15,22.78568,120.28565
實踐海景街口,左營區,501207111,13,22.69030,120.28788
大豐大豐二路19巷口,三民區,501203123,23,22.64644,120.32606
同盟孝順街,三民區,501203124,18,22.64731,120.313007
同盟大連街,三民區,501203125,25,22.65200,120.30554
七賢國中(美術東四路),鼓山區,501209087,21,22.65871,120.29012
中華橫巷力行路口,三民區,501203122,20,22.63936,120.29072
憲兵204指揮部,鳥松區,501218014,15,22.64752,120.35974
海邊新田路口,苓雅區,501202082,23,22.61881,120.29307
孔宅兒童遊戲場,小港區,501212050,15,22.58032,120.37162
內惟車站(翠華路),鼓山區,501209079,25,22.66621,120.28705
內惟車站(馬卡道路),鼓山區,501209080,21,22.66540,120.28703
中華翠華路口,鼓山區,501209083,20,22.66760,120.28816
美術北三馬卡道路口,鼓山區,501209084,20,22.66424,120.28617
文福青年路口,鳳山區,501206134,20,22.63310,120.34978
鐵道九如一路381巷口,三民區,501203119,20,22.63631,120.33161
捷運三多商圈站(6號出口),苓雅區,501202081,23,22.61484,120.30423
中山苓雅二路口,苓雅區,501202080,26,22.61877,120.30255
山仔頂溝滯洪池,鳳山區,501206115,15,22.634413,120.379291
鳳松博愛路口,鳳山區,501206135,15,22.63105,120.36070
桃子園鼓山三路(東南側),鼓山區,501209082,30,22.67119,120.28554
南區環保公園,三民區,501203116,17,22.66290,120.32860
援中港濕地公園,楠梓區,501210096,14,22.72103,120.25875
中和兒童公園,楠梓區,501210097,20,22.72308,120.28085
海功海富路口,左營區,501207112,15,22.69372,120.28928
富國公園(安吉街),左營區,501207116,25,22.66446,120.30765
高雄大學行政大樓,楠梓區,501210095,20,22.73464,120.28345
菜公公園,左營區,501207115,15,22.67525,120.31580
鳳埤鳳埤街50巷口,鳳山區,501206133,15,22.62921,120.37953
鐵道三中庸街口,三民區,501203121,24,22.63725,120.28851
華榮翠華路口,左營區,501207114,20,22.67165,120.29131
翠華葆楨路口,鼓山區,501209081,15,22.66118,120.28349
橋新一橋新八路口,橋頭區,501220013,19,22.73716,120.31441
橋新七新東一街口,橋頭區,501220014,15,22.73898,120.31628
九番埤濕地公園,仁武區,501214028,17,22.68582,120.32458
旗津海岸公園停車場,旗津區,501211007,19,22.60899,120.26898
鼓山車站,鼓山區,501209085,16,22.64183,120.28051
十全康平街口,三民區,501203113,19,22.64650,120.29438
鐵道復興一路口,三民區,501203118,20,22.63903,120.30859
八德重劃公園,仁武區,501214027,15,22.68227,120.34359
梓和公園,梓官區,501213007,10,22.75757,120.26493
廣昌公園,楠梓區,501210092,14,22.70590,120.28704
凱旋一心一路口,前鎮區,501208088,20,22.60532,120.32478
高雄軟體園區,前鎮區,501208091,30,22.604620,120.299387
育群兒童遊戲場,前鎮區,501208094,16,22.60513,120.32202
公園二光榮街口,鹽埕區,501204022,16,22.62091,120.28433
宏光宏智街口,小港區,501212047,20,22.56940,120.36317
三多桂林街口,前鎮區,501208092,15,22.61763,120.31566
中庄國小,大寮區,501219005,18,22.63447,120.39736
鎮東公園,前鎮區,501208093,17,22.59208,120.30916
武昌武昌路40巷口,苓雅區,501202079,20,22.61867,120.33569
創新芎林一街口,楠梓區,501210094,16,22.75039,120.33146
長樂和興街口,鳳山區,501206132,16,22.61714,120.35594
宏平沿海一路口,小港區,501212046,20,22.56947,120.35013
崇德翠華路口,左營區,501207113,20,22.67847,120.29829
餐旅大學(松信路),小港區,501212048,40,22.56080,120.37361
西山兒童遊戲場,前鎮區,501208089,16,22.60967,120.31034
中山河北一路口,三民區,501203117,16,22.636702,120.302484
小機堡停車場,橋頭區,501220012,15,22.75546,120.31301
鹽埔農村社區活動中心,岡山區,501216031,15,22.77054,120.28138
高雄科大第一西校區游泳池,楠梓區,501210079,17,22.75479,120.33151
高雄科大第一東校區財金學院,楠梓區,501210080,15,22.75561,120.33461
內惟國小(鼓山三路),鼓山區,501209075,16,22.656564,120.275422
中華郵政前峰郵局,鼓山區,501209061,13,22.66828,120.28631
正義車站(鐵道街),三民區,501203115,28,22.63431,120.34164
海風社區公園,鳳山區,501206092,14,22.63317,120.37475
高雄科大第一東校區第三停車場,楠梓區,501210082,18,22.75725,120.33957
台機大地街口,小港區,501212049,30,22.56108,120.34757
高雄科大第一東校區校門,楠梓區,501210081,12,22.75864,120.33616
高雄市立圖書館鼓山分館,鼓山區,501209076,13,22.65351,120.27568
中華一青海路口,鼓山區,501209078,13,22.65109,120.29174
勝利建國路一段口,鳳山區,501206093,15,22.63537,120.37444
自由察哈爾一街口,三民區,501203114,28,22.64754,120.30903
空軍軍史館,岡山區,501216030,30,22.78466,120.27211
前峰兒童遊戲場,鼓山區,501209077,15,22.66554,120.28434
捷運三多商圈站(3號出口),前鎮區,501208087,31,22.61323,120.30492
寶安里活動中心,三民區,501203112,15,22.64099,120.32886
角宿天后宮活動中心,燕巢區,501228008,16,22.77028,120.35992
一心和平二路口,前鎮區,501208073,20,22.60700,120.32026
愛群國小,前鎮區,501208086,24,22.61507,120.31296
凱興凱旺街口,前鎮區,501208090,15,22.59235,120.32181
天順港福街29巷口,小港區,501212041,11,22.56851,120.33423
輕軌駁二蓬萊站,鹽埕區,501204020,20,22.62069,120.27975
小港森林公園(秀峰街),小港區,501212045,20,22.56809,120.37071
三隆兒童公園,大寮區,501219019,10,22.59988,120.40453
六成保南一路口,鳳山區,501206131,15,22.58782,120.34907
博愛四重仁路口,左營區,501207109,15,22.68733,120.31650
大義截流站,鹽埕區,501204021,20,22.61898,120.28411
明誠富國路口東北側,左營區,501207050,16,22.66117,120.30708
大昌無菸公園,楠梓區,501210091,15,22.70820,120.28913
楠梓特殊學校,楠梓區,501210093,20,22.72803,120.31277
富民太原街口,左營區,501207110,15,22.66766,120.30562
苓洲國小,苓雅區,501202078,25,22.61491,120.30124
路竹運動公園,路竹區,501224008,15,22.86157,120.26654
高苑科技大學生化大樓,路竹區,501224006,15,22.84299,120.26635
環區一環區四路口,前鎮區,501208083,11,22.58896,120.29666
五甲國中(龍成路),鳳山區,501206130,15,22.59824,120.32921
南蓮停車場,阿蓮區,501225004,10,22.87912,120.32976
仁和南中正路口,仁武區,501214024,12,22.70142,120.34811
一品公園,橋頭區,501220011,11,22.76350,120.30188
保泰保泰路370巷,鳳山區,501206109,10,22.60329,120.33508
鳳山公28公園,鳳山區,501206120,10,22.61245,120.35884
捷運小港站(3號出口),小港區,501212043,21,22.56593,120.35301
中山大學海資館,鼓山區,501209071,17,22.63037,120.26234
鳳楠經建路口,楠梓區,501210090,15,22.72275,120.33140
八德東八德南路口,仁武區,501214026,13,22.68467,120.33969
凱旋凱旋三路915巷口,苓雅區,501202077,17,22.61961,120.32555
中華光復一街路口,旗山區,501229006,16,22.88146,120.48448
梓平公園,梓官區,501213006,10,22.75463,120.26750
泰山兒童遊戲場,小港區,501212044,12,22.57177,120.36300
高苑科技大學視聽大樓,路竹區,501224007,30,22.84143,120.26761
阿蓮區公所,阿蓮區,501225002,13,22.88305,120.32728
獅甲公園,前鎮區,501208085,17,22.61215,120.30641
瑞崗兒童遊戲場,前鎮區,501208084,11,22.60625,120.33150
輕軌馬卡道站,鼓山區,501209074,23,22.64757,120.28133
高雄大學(大學南路側),楠梓區,501210089,17,22.73256,120.28986
高雄大學管理學院,楠梓區,501210088,20,22.73310,120.28754
青海公園,鼓山區,501209073,15,22.65147,120.28369
高坪五十路口,小港區,501212040,12,22.55557,120.38614
坪頂國小,小港區,501212037,10,22.56125,120.39140
四維河南路口,苓雅區,501202073,11,22.62572,120.32913
中山大學體育館,鼓山區,501209069,18,22.62513,120.26607
中山大學西灣藝廊,鼓山區,501209070,17,22.62727,120.26503
鼓山國小(登山街),鼓山區,501209062,15,22.62440,120.27227
清豐公園,楠梓區,501210028,15,22.73525,120.33663
盛泰公園,楠梓區,501210087,15,22.73094,120.33152
寶業滯洪公園(澄清路),三民區,501203108,23,22.63872,120.34514
龍德新自由一路口,鼓山區,501209072,20,22.65477,120.30712
高鐵左營基地,仁武區,501214025,15,22.69517,120.32092
博愛國小,三民區,501203109,26,22.64521,120.30757
松崗停車場,小港區,501212039,15,22.57477,120.37397
博愛熱河二街口,三民區,501203104,19,22.64441,120.30281
高雄車站(西側),三民區,501203110,36,22.64002,120.30159
自勉公園,左營區,501207104,11,22.67882,120.27987
林森中華五路口,前鎮區,501208082,10,22.60955,120.30361
福山公園(榮佑路側),左營區,501207029,19,22.68193,120.32049
大坪頂公園,小港區,501212036,12,22.56329,120.38845
高雄市熱帶植物園,小港區,501212038,10,22.55578,120.38895
翠華日昌路口,鼓山區,501209068,17,22.65873,120.28213
華夏兒童遊戲場(華夏路側),左營區,501207048,20,22.68188,120.30612
河北二路中庸街口,三民區,501203085,10,22.63417,120.29090
美術東二美術北三路口,鼓山區,501209066,14,22.66324,120.28868
公園二大勇路口,鹽埕區,501204017,15,22.62158,120.28293
公園二大義街口,鹽埕區,501204016,20,22.62023,120.28574
三民區公所,三民區,501203111,11,22.64779,120.29993
竹圍國小,岡山區,501216028,17,22.80314,120.30185
光潭路134巷光潭路116巷口,岡山區,501216029,15,22.77728,120.27593
中里社區公園,大社區,501222005,10,22.72307,120.35237
建國忠孝一路口,三民區,501203100,19,22.63761,120.30709
和平和平一路80巷口,苓雅區,501202076,20,22.62222,120.32120
公園二七賢三路口,鹽埕區,501204018,24,22.62290,120.28015
鳥松國小,鳥松區,501218018,13,22.66405,120.36224
八德路296巷文衡路口,鳳山區,501206126,12,22.63983,120.35541
旗津海水浴場,旗津區,501211006,17,22.61079,120.26758
正義國小,鳳山區,501206116,13,22.60431,120.33867
公兒20公園,鳳山區,501206128,18,22.63417,120.34869
大學三十二街公園,楠梓區,501210077,15,22.73132,120.29237
大學西大學十街口,楠梓區,501210078,15,22.72434,120.28149
援中德中路口(西南側),楠梓區,501210086,15,22.72091,120.28032
文勇八德路口,鳳山區,501206127,10,22.63835,120.35854
鳳山中正國小,鳳山區,501206119,15,22.62747,120.37388
青年光華路口,鳳山區,501206122,15,22.62188,120.34933
鳳甲公兒二公園,鳳山區,501206123,15,22.59520,120.34182
環河鳳東七街106巷口,鳳山區,501206129,14,22.62531,120.38537
右昌國小(後昌路),楠梓區,501210083,16,22.71564,120.29291
下鹽田三欉榕公園(大學十一街),楠梓區,501210085,15,22.72610,120.28755
五甲二路730巷口,鳳山區,501206107,12,22.59484,120.32888
崇本崇明街10巷口,小港區,501212035,10,22.57131,120.33342
昭明國小(鳳林一路184巷),大寮區,501219015,13,22.54116,120.40910
大寮國小,大寮區,501219018,12,22.59114,120.41685
北鳳山區清潔隊,鳳山區,501206121,15,22.63386,120.36351
北門公園,鳳山區,501206124,12,22.63412,120.36633
明湖澄湖路口,鳥松區,501218017,18,22.66570,120.35407
國泰青年路口,鳳山區,501206055,14,22.61872,120.34975
輕軌凱旋武昌站,苓雅區,501202075,20,22.61723,120.32669
八德八德路二段142巷口,鳳山區,501206125,10,22.64386,120.35506
華德華德街98巷口,三民區,501203106,12,22.64785,120.32265
中華里活動中心,仁武區,501214023,13,22.70836,120.32760
右昌森林公園(後昌新路58巷),楠梓區,501210084,15,22.71957,120.29289
文武公園,仁武區,501214022,12,22.69664,120.35095
育才公21停車場,仁武區,501214018,15,22.67429,120.35095
勇全赤誠街口,仁武區,501214019,14,22.67330,120.34436
澄合段停九停車場,仁武區,501214021,15,22.687501,120.347001
八德一八德中路口,仁武區,501214020,20,22.68704,120.33655
九如中華二路口,三民區,501203105,11,22.64197,120.29188
九如自立一路口,三民區,501203102,19,22.64167,120.29616
建國文英路口,鳳山區,501206113,12,22.63609,120.35917
愛國國小,三民區,501203103,17,22.64334,120.31283
三民公園(北側),三民區,501203107,14,22.64741,120.30537
輕軌機廠站,前鎮區,501208080,14,22.60884,120.32543
輕軌凱旋二聖站,前鎮區,501208081,20,22.61174,120.32676
輕軌凱旋公園站,苓雅區,501202074,20,22.62972,120.32275
育成琅環二街口,鳥松區,501218016,15,22.66597,120.35889
芎蕉公園,楠梓區,501210076,16,22.74980,120.32886
合群新城(建業緯六路口),左營區,501207106,15,22.69775,120.28648
合群新城義區(海景街),左營區,501207107,10,22.69659,120.28766
世運大道,楠梓區,501210073,14,22.70100,120.29822
綠川河川街口,鼓山區,501209067,15,22.63529,120.28377
武林輜汽路口,鳳山區,501206117,17,22.61592,120.33454
仁忠仁忠路111巷口,大寮區,501219017,20,22.59258,120.39912
新光國小(華夏路側),左營區,501207052,18,22.68060,120.30493
楠梓游泳池,楠梓區,501210066,20,22.73366,120.33155
新建南新開發路口,楠梓區,501210067,16,22.72343,120.31012
旗津貝殼館,旗津區,501211005,19,22.60076,120.27464
中洲渡輪船站,旗津區,501211003,10,22.57561,120.29897
明華國中(南屏路),鼓山區,501209063,24,22.66238,120.30016
河邊興隆路口,鼓山區,501209065,15,22.63651,120.28384
中都聯合里民中心,三民區,501203101,14,22.64462,120.28282
雄峰公園(鼓山三路),鼓山區,501209064,15,22.66763,120.28224
高雄市立圖書館大樹二館,大樹區,501226006,10,22.65792,120.41814
九曲堂火車站(後站),大樹區,501226004,15,22.65646,120.42187
明鳳公園,鳳山區,501206108,10,22.588701,120.334152
前峰國中,岡山區,501216027,10,22.78879,120.28904
典寶溪A區滯洪池,岡山區,501216025,10,22.78193,120.28615
中光街22巷口停車場,小港區,501212034,15,22.57151,120.35580
莿蔥腳濕地公園,小港區,501212033,10,22.57080,120.37627
楠梓路1巷楠梓路口,楠梓區,501210075,10,22.72758,120.32961
文華兒童公園,鳳山區,501206111,18,22.63455,120.35140
文山公兒三公園,鳳山區,501206118,18,22.64299,120.34680
福安公園,苓雅區,501202071,17,22.62483,120.33109
三多和平一路口,苓雅區,501202072,20,22.61993,120.32270
河堤明哲路口,三民區,501203096,22,22.66152,120.31160
明誠鼎愛街口,三民區,501203097,11,22.66029,120.32129
灣仔內兒童遊戲場,三民區,501203098,16,22.65016,120.32066
寶德里廣場,三民區,501203099,21,22.64143,120.33528
雙峰公園停車場,美濃區,501230002,15,22.90168,120.54212
鼓山國小(延平一路),旗山區,501229001,15,22.89834,120.48279
旗山區公所,旗山區,501229005,16,22.88859,120.48328
海洋濕地公園,林園區,501215008,14,22.49028,120.38649
西燕公園,燕巢區,501228006,10,22.79395,120.35817
大遼友情路口(西北側),岡山區,501216026,10,22.77847,120.31373
旗山轉運站,旗山區,501229004,15,22.88379,120.48470
旗山武德殿,旗山區,501229003,29,22.88814,120.48033
阿蓮國中,阿蓮區,501225001,14,22.88531,120.32566
阿蓮國小,阿蓮區,501225003,15,22.88278,120.33008
高雄市立圖書館美濃分館,美濃區,501230003,15,22.90015,120.54201
旗山老街(華中街),旗山區,501229002,12,22.88804,120.48166
美濃湖(民權路),美濃區,501230001,15,22.90761,120.55159
大安公園,鹽埕區,501204015,15,22.62393,120.27848
路竹區戶政事務所,路竹區,501224004,12,22.85536,120.25962
高雄市立圖書館湖內分館,湖內區,501221001,10,22.90661,120.22380
梓官國小,梓官區,501213005,10,22.76037,120.26453
彌陀國中,彌陀區,501223003,15,22.77690,120.24694
高雄市立圖書館彌陀公園分館,彌陀區,501223002,10,22.78538,120.24630
興達國小,茄萣區,501217003,8,22.87568,120.19685
茄萣濕地遊客中心,茄萣區,501217006,20,22.88315,120.19759
仁愛港東街口,茄萣區,501217005,10,22.89582,120.18502
崇實自助社區活動中心,左營區,501207103,12,22.67862,120.28262
半屏山登山南側步道入口,左營區,501207108,10,22.69141,120.30292
裕誠美術館路口,鼓山區,501209056,15,22.65484,120.29400
埤頂鳳埤街口,鳳山區,501206112,10,22.62979,120.38075
創新公園,楠梓區,501210062,15,22.74228,120.32623
和平五福一路口,苓雅區,501202063,20,22.62873,120.31870
國昌里公園,楠梓區,501210072,15,22.72128,120.28757
蚵寮國中,梓官區,501213002,8,22.72855,120.25866
中正港六街口,梓官區,501213003,10,22.72758,120.25737
蚵寮國小,梓官區,501213004,10,22.73401,120.24953
高雄市立圖書館燕巢分館,燕巢區,501228005,10,22.79334,120.36218
岡山養護工程隊,橋頭區,501220006,10,22.74555,120.31061
裕誠富農路口,鼓山區,501209058,15,22.65657,120.29406
中崙國小,鳳山區,501206100,13,22.59950,120.35092
大順民族路口,三民區,501203094,16,22.65572,120.31507
中庄社區發展協會,大寮區,501219016,10,22.63309,120.40357
大樹綜合體育館,大樹區,501226005,15,22.65668,120.42474
旗津漁港公有停車場,旗津區,501211004,15,22.58977,120.28719
高雄市立圖書館小港分館,小港區,501212031,15,22.56063,120.37032
中央開發路口,楠梓區,501210068,14,22.72126,120.30479
中央中三街口,楠梓區,501210071,13,22.72425,120.30351
經六開發路口,楠梓區,501210069,15,22.72016,120.30102
研發創意北路口,楠梓區,501210070,20,22.71400,120.29985
民族聯興路50巷口,三民區,501203095,33,22.65673,120.31531
小港森林公園(近營口路),小港區,501212029,15,22.57263,120.37074
岡山國中(大德二路側),岡山區,501216011,15,22.78972,120.30380
岡山平面停車場,岡山區,501216024,24,22.79183,120.29620
觀音山腳休息區,大社區,501222006,12,22.72974,120.36987
三亭攬勝,鳥松區,501218015,15,22.66425,120.35258
北一路西十一街口,前鎮區,501208064,20,22.60535,120.28848
高雄加工出口區員工宿舍(擴建路),前鎮區,501208065,10,22.59091,120.30436
臺鐵新左營站(站前一街東北側),左營區,501207105,25,22.68923,120.30747
高雄市音樂館,鹽埕區,501204014,16,22.62784,120.28693
五福建國路口東南側,鹽埕區,501204012,14,22.62508,120.28040
民權四維三路口,苓雅區,501202070,16,22.61982,120.31315
青年公園,鳳山區,501206102,20,22.62933,120.34908
文教公園,鳳山區,501206110,16,22.63370,120.35106
大園大和街口,三民區,501203093,13,22.65587,120.32523
鳳頂過雄一街口,鳳山區,501206106,15,22.58599,120.35870
明義國中(高鳳路),小港區,501212032,16,22.58430,120.36867
小港森林公園(高松路),小港區,501212028,15,22.57278,120.36673
高雄市立圖書館楠仔坑分館,楠梓區,501210064,17,22.73139,120.32888
中華一路828號南側,鼓山區,501209050,13,22.66002,120.29209
鼓山區戶政事務所第二辦公處,鼓山區,501209057,10,22.66743,120.28952
輕軌文武聖殿站,鹽埕區,501204011,15,22.62916,120.28071
誠體誠智街口,鳳山區,501206094,12,22.62295,120.37740
民族社區老人活動中心,三民區,501203086,18,22.64013,120.31636
前鎮圖書館,前鎮區,501208072,14,22.60247,120.33341
同盟十全路口,三民區,501203088,14,22.64894,120.28608
西藏翠華路口,鼓山區,501209060,20,22.65490,120.28159
七聖街112巷口,鳳山區,501206059,15,22.60939,120.34704
博愛公園,鳳山區,501206057,15,22.62986,120.36269
陽明義華路口,三民區,501203087,35,22.64269,120.34212
中山大學工學院,鼓山區,501209051,24,22.62666,120.26659
中山大學材料大樓,鼓山區,501209054,10,22.62710,120.26689
河東民生路口,前金區,501205031,27,22.62400,120.29038
行政院南部聯合服務中心(舊址),前金區,501205033,15,22.62950,120.29177
福安二街20巷39弄口,鳳山區,501206097,11,22.58965,120.33299
公園二公園街口,鳳山區,501206095,17,22.58768,120.33176
國慶明龍街口,前鎮區,501208071,11,22.58754,120.33800
NO.16藝術公園,鳳山區,501206101,20,22.64575,120.37408
臨加東臨加北路口,前鎮區,501208066,12,22.57796,120.31958
漁港草衙二路口,前鎮區,501208070,20,22.58156,120.32284
中華熱河三街口,三民區,501203089,12,22.64487,120.29148
中華九如三路口,三民區,501203090,10,22.64232,120.29132
中庸中華橫路口,三民區,501203091,13,22.64148,120.28719
鳳山工業區,鳳山區,501206088,14,22.61465,120.33237
武慶武昌路口,鳳山區,501206089,14,22.61756,120.33203
澄清湖(第一停車場),鳥松區,501218012,29,22.65561,120.34797
博愛重和路口(路口兩處),左營區,501207099,19,22.68411,120.31298
博愛扶輪公園(博愛四路側),左營區,501207100,22,22.68267,120.31183
霞海東二霞海中街口,仁武區,501214017,11,22.68857,120.32424
五權國小,苓雅區,501202069,15,22.62044,120.32396
立民公有停車場,楠梓區,501210063,30,22.74212,120.33665
清福公園,楠梓區,501210065,10,22.74110,120.32938
福東國小,苓雅區,501202067,15,22.62394,120.32889
新民國小(重立路),左營區,501207102,18,22.67728,120.31442
榮光公有停車場,左營區,501207095,10,22.68506,120.32173
鳳山地政事務所(忠義街),鳳山區,501206099,19,22.62782,120.35125
裕興華泰路185巷口,鼓山區,501209055,14,22.66984,120.29242
高雄師大附中(凱旋二路),苓雅區,501202057,35,22.62560,120.32321
五塊厝公園,苓雅區,501202059,20,22.62757,120.32736
福德河北路口(東南側),苓雅區,501202056,12,22.62696,120.32690
林靖公園,苓雅區,501202064,16,22.62350,120.32692
新強輜汽路口,鳳山區,501206105,16,22.61659,120.33882
三多廣州二街口,苓雅區,501202061,11,22.61877,120.31957
東光國小,三民區,501203081,22,22.64963,120.34078
新正薪醫院,前鎮區,501208067,10,22.60797,120.31802
前金國小(成功路),前金區,501205027,10,22.62583,120.29317
立德棒球場(旺盛街),前金區,501205030,10,22.62985,120.28820
幸福新城,楠梓區,501210030,16,22.72337,120.29130
大同國小(大同路),新興區,501201026,15,22.62823,120.29895
捷運市議會站(1號出口),前金區,501205028,10,22.62917,120.29380
七賢成功路口東北側,前金區,501205029,10,22.63163,120.29105
建國三路中庸街口,三民區,501203084,11,22.63560,120.28952
自立自立一路161巷口,三民區,501203092,20,22.63959,120.29641
成功國小(華新街),苓雅區,501202055,15,22.61409,120.29736
中山東路5巷口,鳳山區,501206096,15,22.62068,120.36257
新民國小(重立路232巷口),左營區,501207101,17,22.67606,120.31468
康定康定路166巷口,前鎮區,501208069,10,22.58932,120.31634
七賢府北路口西側,鹽埕區,501204013,15,22.62962,120.28513
前鎮高中(樹人路側),前鎮區,501208068,10,22.58756,120.32066
成功特殊教育學校,前鎮區,501208079,12,22.60568,120.30235
獅甲社區,前鎮區,501208077,10,22.60331,120.30569
正勤停車場,前鎮區,501208078,19,22.60431,120.30914
中華苓雅二路口,苓雅區,501202065,15,22.61786,120.30016
中山四維四路口,苓雅區,501202068,18,22.61734,120.30312
武廟大順三路口,苓雅區,501202066,10,22.63169,120.32421
保安二鳳燕一街口,鳳山區,501206104,14,22.59919,120.34234
鳳翔國中,鳳山區,501206103,11,22.59699,120.34714
英德街公有民營停車場,前鎮區,501208075,12,22.61387,120.32246
光華國中(和平二路),前鎮區,501208076,15,22.61156,120.32244
四維國小(民權一路),苓雅區,501202058,15,22.62297,120.31252
中山大學圖資大樓,鼓山區,501209052,22,22.62708,120.26611
中華美術北三路口北側,鼓山區,501209053,20,22.66267,120.29222
北凱旋公園,苓雅區,501202062,10,22.63012,120.32237
捷運凹子底站(3號出口),左營區,501207049,20,22.65777,120.30317
瑞福路公共停車場,前鎮區,501208074,19,22.60770,120.33543
左營(舊城)車站,左營區,501207054,26,22.67420,120.29360
德民藍昌路口東側,楠梓區,501210016,15,22.72198,120.29105
路科宿舍,路竹區,501224005,15,22.84421,120.24550
鳳山新城甲社區,鳳山區,501206091,14,22.62995,120.37211
圓山大飯店,鳥松區,501218013,15,22.65458,120.34576
山明北林路口,小港區,501212027,15,22.56559,120.36428
文學公園(華夏路側),左營區,501207094,13,22.68913,120.31800
文學公園(文學路),左營區,501207096,15,22.68994,120.31841
民族霞海路口,左營區,501207098,13,22.68992,120.32142
外環西加昌路口,楠梓區,501210060,17,22.71620,120.30093
外環西創意南路口,楠梓區,501210061,20,22.71328,120.30215
楠梓車站,楠梓區,501210050,30,22.72691,120.32452
高雄大學理學院南側,楠梓區,501210051,15,22.73514,120.28590
高雄大學社科院西側,楠梓區,501210052,17,22.73591,120.28088
高雄大學第一宿舍東側,楠梓區,501210053,32,22.73584,120.27799
黃埔新村,鳳山區,501206090,14,22.62009,120.36395
捷運三多商圈站(7號出口),苓雅區,501202035,30,22.61482,120.30407
楠梓區九號公園,楠梓區,501210055,14,22.71652,120.28292
捷運三多商圈站(2號出口),苓雅區,501202034,16,22.61256,120.30491
岡山國小,岡山區,501216022,16,22.79109,120.29305
河華前峰路口,岡山區,501216023,21,22.79871,120.28387
同慶停車場,苓雅區,501202060,21,22.62820,120.32330
橋頭國中,橋頭區,501220010,18,22.75878,120.30694
灣福兒童公園,三民區,501203079,13,22.65359,120.31724
益群橋東南側,楠梓區,501210056,13,22.72562,120.29663
大學二十一路公園,楠梓區,501210059,15,22.72133,120.27759
大學西路口(第一綜合大樓),楠梓區,501210006,31,22.73017,120.27850
翠屏兒童遊戲場,楠梓區,501210049,10,22.72849,120.30123
德民路356巷德賢路口西北側,楠梓區,501210026,15,22.72677,120.30450
橋頭地方法院(橋新二路側),橋頭區,501220007,16,22.73750,120.30660
美術東二明誠路口(西南側),鼓山區,501209018,20,22.66118,120.28836
捷運西子灣站(2號出口),鼓山區,501209023,27,22.62118,120.27523
捷運西子灣站(1號出口),鼓山區,501209026,17,22.622126,120.273481
樂活公園(大學二十六街),楠梓區,501210058,15,22.72603,120.27559
忠孝國中(國興街),鳳山區,501206058,25,22.61888,120.34601
本安生態滯洪公園,三民區,501203083,10,22.65091,120.33740
高雄大學(大學西路側),楠梓區,501210054,23,22.73210,120.27641
榮新公園西南側,楠梓區,501210057,17,22.71245,120.29849
澄清湖(後門),鳥松區,501218011,15,22.66833,120.34591
三民游泳池,三民區,501203065,16,22.64248,120.30871
河堤南自由路口,三民區,501203066,16,22.65436,120.30887
哨船安海街口(東側),鼓山區,501209022,10,22.61905,120.26924
鹽埕立體停車場,鹽埕區,501204009,20,22.62495,120.28591
左營國小,左營區,501207064,29,22.69057,120.29246
大寮區公所,大寮區,501219014,17,22.60540,120.39546
岡山稽徵所(健鷹南路側),岡山區,501216014,14,22.78505,120.29093
龍華市場(忠言路側),左營區,501207093,12,22.65835,120.30596
竹林公園,橋頭區,501220003,16,22.75629,120.30563
龍勝大順路口,鼓山區,501209043,25,22.65452,120.29565
高雄市政府警察局,前金區,501205019,28,22.62774,120.29085
高鐵左營站,左營區,501207068,31,22.68667,120.30827
道明中學,苓雅區,501202042,41,22.63313,120.32356
臺鐵新左營站,左營區,501207072,22,22.68850,120.30744
河東河北路口,三民區,501203073,24,22.63303,120.28608
高雄女中(英雄路口),前金區,501205020,30,22.62079,120.29366
輕軌光榮碼頭站,苓雅區,501202050,16,22.61728,120.29356
聖和公園,前鎮區,501208058,16,22.61211,120.32349
七號公園(加宏路側),楠梓區,501210046,20,22.71768,120.29551
瑞豐公車總站,前鎮區,501208060,16,22.60614,120.33876
華榮公園,鼓山區,501209029,53,22.66444,120.29690
市議會(新址),鳳山區,501206065,28,22.61981,120.34804
莊敬公園,三民區,501203057,26,22.65962,120.32475
福山廣場(文川路側),左營區,501207071,26,22.68588,120.31401
駁二藝術特區(必信街),鹽埕區,501204008,15,22.61938,120.28481
生日公園,苓雅區,501202047,22,22.61782,120.30503
彌陀漁民活動中心,彌陀區,501223001,10,22.76143,120.23470
捷運橋頭糖廠站(1號出口),橋頭區,501220009,13,22.75242,120.31429
小港森林公園(華山路),小港區,501212025,15,22.56779,120.36660
佛公國小,前鎮區,501208036,27,22.57382,120.32004
橋頭地檢署,橋頭區,501220002,17,22.73908,120.30490
漁港公園,林園區,501215007,10,22.48594,120.39934
清水巖榕樹休憩公園,林園區,501215006,10,22.52183,120.39078
客家文物館,三民區,501203054,22,22.65057,120.29572
捷運都會公園站(4號出口),楠梓區,501210036,27,22.73021,120.32053
左營高中,左營區,501207067,56,22.69355,120.29548
原住民故事館,前鎮區,501208039,22,22.59392,120.31624
新泰兒童公園,鳳山區,501206082,15,22.61092,120.34361
公二十七公園,鳳山區,501206042,15,22.58804,120.36518
北屋滯洪公園,仁武區,501214006,14,22.68048,120.33415
八卦里滯洪公園,仁武區,501214016,14,22.68353,120.32904
捷運青埔站(1號出口)西側,橋頭區,501220008,18,22.74393,120.31747
合群新城(緯九海景街口),左營區,501207079,16,22.69551,120.28738
北辰兒童公園,鳳山區,501206086,10,22.64049,120.36537
寶業里滯洪池,三民區,501203060,22,22.63999,120.34634
鼎泰廣場,三民區,501203082,39,22.66374,120.31536
願景橋,鼓山區,501209037,16,22.65081,120.28753
龍華國中(靠近大順一路口),左營區,501207087,16,22.65708,120.30891
中崙公園,鳳山區,501206085,16,22.59713,120.35371
蓮池潭(高雄物產館),左營區,501207061,26,22.68059,120.29746
夢時代購物中心,前鎮區,501208034,19,22.59586,120.30493
世運主場館,左營區,501207066,29,22.70252,120.29258
二聖公園,前鎮區,501208056,27,22.61385,120.31830
輕軌內惟藝術中心,鼓山區,501209049,20,22.655019,120.282409
中四中一路口,前鎮區,501208040,10,22.60169,120.29173
高雄高商(復興路),新興區,501201024,24,22.62516,120.30845
二甲里活動中心,鳳山區,501206061,16,22.59904,120.33974
新甲兒童公園,鳳山區,501206060,15,22.60761,120.34318
新光中山路口,前鎮區,501208053,21,22.61213,120.30491
捷運獅甲站(2號出口),前鎮區,501208030,38,22.60580,120.30857
高雄市漁民服務中心,前鎮區,501208037,28,22.57217,120.31748
國昌國中,楠梓區,501210047,16,22.71917,120.28600
輕軌前鎮之星站,前鎮區,501208062,16,22.59634,120.31537
路竹夜市,路竹區,501224001,20,22.853772,120.262693
武松公園,鳳山區,501206046,14,22.63655,120.36397
捷運世運站(1號出口),左營區,501207065,27,22.70075,120.30203
澄清湖(兒童園區),鳥松區,501218010,30,22.65811,120.34611
小港區公所,小港區,501212026,23,22.56507,120.33839
德賢德惠路口西北側,楠梓區,501210042,28,22.72623,120.30250
屏山國小,左營區,501207090,14,22.69372,120.30194
捷運油廠國小站(1號出口),楠梓區,501210048,13,22.70783,120.30205
澄清湖,鳥松區,501218004,29,22.65356,120.34928
茄萣海岸公園,茄萣區,501217004,15,22.90801,120.17704
永安區休閒公園,永安區,501227001,10,22.81868,120.22639
凹子底森林公園(神農路),鼓山區,501209030,18,22.65787,120.29659
河堤公園(明誠二路側),左營區,501207063,31,22.66090,120.31080
微笑公園(博愛三路50巷口),左營區,501207092,32,22.67184,120.30448
輔英科技大學,大寮區,501219012,40,22.60402,120.39113
自由黃昏市場,左營區,501207075,27,22.67216,120.31135
管仲民裕路口,前鎮區,501208046,16,22.60557,120.31267
民權少康街口,前鎮區,501208048,23,22.60933,120.31310
中山時代大道口(西北角),前鎮區,501208031,28,22.59878,120.31339
高雄市政府消防局,前鎮區,501208057,28,22.59309,120.30735
中山公園,鳳山區,501206068,15,22.61420,120.36050
捷運市議會站(4號出口),前金區,501205026,19,22.62950,120.29547
六合公園(七賢路),新興區,501201019,28,22.63420,120.30590
中山民生圓環,新興區,501201020,24,22.62790,120.30149
民權民生路口,新興區,501201025,24,22.62723,120.31086
前鎮民權公園,前鎮區,501208063,16,22.61351,120.31397
中華忠勤路口,前鎮區,501208054,28,22.60527,120.30493
台鋁廣場(成功二路),前鎮區,501208045,32,22.60336,120.30201
孔營蓮潭路口,左營區,501207069,29,22.68794,120.29751
龍虎塔,左營區,501207070,28,22.67993,120.29210
長青綜合服務中心,苓雅區,501202053,15,22.62312,120.32209
捷運三多商圈站(5號出口),苓雅區,501202036,39,22.61435,120.30466
西子灣風景區,鼓山區,501209032,28,22.61824,120.26609
捷運技擊館站(2號出口),苓雅區,501202039,26,22.62737,120.33365
哈瑪星鐵道文化園區(臨海新路),鼓山區,501209035,28,22.62034,120.27711
凱旋醫院,苓雅區,501202049,20,22.62489,120.32405
輕軌真愛碼頭站,鹽埕區,501204007,21,22.61978,120.28893
中正正言路口,苓雅區,501202038,28,22.62896,120.32899
新樂截流抽水站,鹽埕區,501204010,23,22.62300,120.28915
仁和公園,仁武區,501214011,16,22.68110,120.35180
科工館,三民區,501203052,27,22.639607,120.323976
正修科技大學,鳥松區,501218005,28,22.65070,120.34880
捷運文化中心站(3號出口),苓雅區,501202037,25,22.62977,120.31825
高雄市立旗津醫院(旗港路),旗津區,501211002,15,22.59014,120.28519
南屏大順路口,鼓山區,501209033,20,22.65578,120.29991
澄清湖(海洋奇珍園),鳥松區,501218007,13,22.65586,120.35155
澄清湖(仁智亭),鳥松區,501218008,31,22.66249,120.34179
雄峰公園,鼓山區,501209038,16,22.66754,120.28530
台鐵美術館車站,鼓山區,501209046,22,22.65204,120.28111
捷運南岡山站(2號出口),岡山區,501216021,38,22.78133,120.30169
捷運巨蛋站(3號出口),左營區,501207060,43,22.66598,120.30310
加昌國小,楠梓區,501210035,24,22.72149,120.29659
英明公園,苓雅區,501202052,27,22.61635,120.32488
高雄科技大學旗津校區,旗津區,501211001,38,22.60825,120.27226
舊鐵橋濕地公園,大樹區,501226002,15,22.662122,120.426808
橋頭車站,橋頭區,501220004,20,22.76104,120.31000
高科運動公園,路竹區,501224002,15,22.82814,120.25671
路竹高中,路竹區,501224003,15,22.85493,120.25289
捷運信義國小站(1號出口),新興區,501201018,21,22.63108,120.31030
辛亥公有停車場,左營區,501207062,28,22.66469,120.31018
民族八德路口,新興區,501201023,28,22.63539,120.31341
阿公店森林公園,燕巢區,501228004,16,22.81139,120.34388
興達港情人碼頭,茄萣區,501217001,13,22.87902,120.21103
興達港立體停車場,茄萣區,501217002,10,22.87154,120.19391
蚵仔寮觀光魚市,梓官區,501213001,14,22.72712,120.25552
長庚醫院,鳥松區,501218009,16,22.65045,120.35778
海青工商,左營區,501207078,17,22.67443,120.28646
明德國小,左營區,501207081,14,22.68726,120.28948
福山國中,左營區,501207084,35,22.68125,120.31394
新莊國小,左營區,501207085,15,22.66886,120.30941
興仁國中,前鎮區,501208049,16,22.58682,120.31382
大義國中(翠華路側),左營區,501207091,16,22.67451,120.29316
捷運青埔站(1號出口)東側,橋頭區,501220001,18,22.74429,120.31788
阿公店水庫停車場,燕巢區,501228003,25,22.80144,120.35711
鳳東公園,鳳山區,501206072,15,22.62669,120.37981
高雄榮總,左營區,501207074,38,22.68003,120.32172
和春技術學院大發校區,大寮區,501219013,15,22.60659,120.42729
和春技術學院大寮校區,大寮區,501219011,15,22.63433,120.39166
岡山區戶政事務所,岡山區,501216012,15,22.79750,120.29459
海光兒童公園,鳳山區,501206074,14,22.63176,120.36814
新光國小(曾子路側),左營區,501207076,18,22.68048,120.30589
高雄監理所(武營),鳳山區,501206069,14,22.61425,120.33667
新甲國小,鳳山區,501206070,15,22.61274,120.34035
五福仁德街口,前金區,501205023,15,22.62279,120.29949
中華藝校(美術東一路),鼓山區,501209027,19,22.65603,120.28881
青海鼓山路口,鼓山區,501209034,15,22.65173,120.27629
明誠高中(華寧路),鼓山區,501209041,16,22.66748,120.29228
厚泰公有停車場西側,鼓山區,501209044,15,22.64616,120.27870
國立鳳新高中(新康街),鳳山區,501206067,39,22.61417,120.34401
瑞豐國中,前鎮區,501208050,20,22.60910,120.33057
一號船渠景觀橋,鼓山區,501209036,16,22.62079,120.27013
鼓山國小(臨海二路),鼓山區,501209042,15,22.62329,120.27155
鼓山鼓山一路119巷口,鼓山區,501209045,16,22.62785,120.27937
大灣國中,仁武區,501214012,15,22.67661,120.34195
捷運後驛站(2號出口),三民區,501203050,46,22.64818,120.30351
捷運大東站(2號出口),鳳山區,501206063,20,22.62521,120.36261
鳳凌廣場,鳳山區,501206064,14,22.62340,120.35595
曹公圳公園,鳳山區,501206071,16,22.62033,120.36016
高雄市圖書館總館,前鎮區,501208059,29,22.61061,120.30210
中山大學海工館,鼓山區,501209040,31,22.62875,120.26259
七賢河東路口,前金區,501205022,15,22.63029,120.28729
協和曹公路口,鳳山區,501206087,21,22.63065,120.35756
精華公園,三民區,501203076,16,22.64232,120.29924
武漢里活動中心,鳳山區,501206073,11,22.61098,120.33605
八仙公園,鳳山區,501206075,15,22.61557,120.35475
北昌北昌三街口,鳳山區,501206081,17,22.64518,120.37258
中正預校,鳳山區,501206083,27,22.607115,120.358669
文山高中,鳥松區,501218006,15,22.64843,120.35398
仁武區運動公園,仁武區,501214015,15,22.70363,120.34514
鳳山公園,鳳山區,501206077,15,22.59456,120.35774
橋頭地方法院(新中五街),橋頭區,501220005,11,22.73747,120.30420
富國公園,左營區,501207080,16,22.66388,120.30671
介壽先鋒路口東南側,左營區,501207088,15,22.68124,120.28281
捷運草衙站(1號出口),前鎮區,501208035,28,22.57953,120.32902
九曲堂火車站(前站),大樹區,501226003,32,22.65679,120.42084
岡山車站,岡山區,501216020,34,22.79290,120.29921
岡山高中,岡山區,501216005,30,22.79695,120.29085
過埤兒童公園,鳳山區,501206084,16,22.59275,120.36051
小港醫院,小港區,501212024,29,22.56772,120.36281
檨仔林埤濕地公園,三民區,501203077,15,22.67084,120.32478
瑞祥高中(凱旋四路),前鎮區,501208047,30,22.60311,120.32405
新莊高中,左營區,501207077,29,22.68096,120.31749
新民國小,左營區,501207082,16,22.67638,120.31262
文府國中,左營區,501207086,15,22.69150,120.31612
華夏西北扶輪公園(華夏路側),左營區,501207089,11,22.68662,120.31233
五甲社區活動中心,鳳山區,501206080,15,22.61514,120.34825
班超公園,前鎮區,501208055,20,22.60096,120.32557
高雄市文化中心(廣州一街),苓雅區,501202045,28,22.62498,120.31697
捷運小港站(4號出口),小港區,501212016,27,22.56479,120.35366
中山大學社科院,鼓山區,501209039,30,22.62617,120.26504
臨海兒童公園,小港區,501212022,16,22.55820,120.33553
財政部高雄國稅局,苓雅區,501202054,15,22.62303,120.31759
光華公園,前鎮區,501208033,41,22.60855,120.31644
金獅湖,三民區,501203055,28,22.66510,120.32167
鼎金國小,三民區,501203059,26,22.65617,120.32276
前鎮國中,前鎮區,501208043,16,22.58311,120.32035
五甲公園,前鎮區,501208044,15,22.59553,120.32199
美都公園,三民區,501203070,15,22.64657,120.28902
捷運美麗島站(9號出口),新興區,501201017,27,22.63252,120.30203
文藻外語大學,三民區,501203056,22,22.67117,120.32095
捷運美麗島站(7號出口),新興區,501201021,15,22.63143,120.30343
捷運美麗島站(6號出口),新興區,501201022,16,22.63111,120.30431
河北立德街口,三民區,501203078,16,22.63553,120.29494
八卦休閒公園,仁武區,501214013,16,22.69011,120.33742
捷運衛武營站(3號出口),苓雅區,501202051,28,22.62494,120.34111
輕軌旅運中心站,苓雅區,501202044,20,22.61280,120.29210
朝陽寺,前鎮區,501208042,16,22.57751,120.32204
鼓山分局新濱派出所,鼓山區,501209028,28,22.62226,120.27547
凹子底森林公園(至聖路),鼓山區,501209031,30,22.65961,120.29684
新光成功路口,前鎮區,501208032,34,22.61030,120.29925
四維公園,苓雅區,501202043,21,22.61572,120.29909
正義市場,苓雅區,501202046,25,22.63122,120.33858
翠平公園,小港區,501212018,19,22.57001,120.33575
陽明公園,三民區,501203067,13,22.64536,120.34127
空中大學,小港區,501212020,15,22.56657,120.34550
金獅湖橋,三民區,501203068,15,22.66633,120.32522
國際商工,苓雅區,501202048,20,22.62101,120.32574
光武國小,三民區,501203069,16,22.63819,120.33464
博愛同盟路口,三民區,501203051,24,22.65275,120.30389
舊鐵橋生態公園,大樹區,501226001,15,22.664580,120.427200
捷運中央公園站(1號出口),前金區,501205025,40,22.62393,120.30104
高雄市文化中心(和平一路),苓雅區,501202041,28,22.62520,120.31970
高雄市立大同醫院,前金區,501205021,15,22.62755,120.29684
輕軌軟體園區站,前鎮區,501208051,30,22.60517,120.30069
高雄高工,三民區,501203058,44,22.65038,120.32563
義民廟,三民區,501203061,16,22.64249,120.33367
中鋼台船,小港區,501212023,27,22.55414,120.34757
陽明溜冰場,三民區,501203075,15,22.64313,120.33954
民族車站,三民區,501203047,25,22.63883,120.31512
鼎山大順路口,三民區,501203063,16,22.65308,120.31874
高雄市社教館,小港區,501212014,21,22.56520,120.35862
明堤公園,三民區,501203074,27,22.66292,120.31220
建國林森路口,三民區,501203080,21,22.63752,120.30496
高雄車站(建國二路),三民區,501203072,18,22.63782,120.30367
輕軌凱旋瑞田站,前鎮區,501208061,21,22.59916,120.31989
輕軌凱旋中華站,前鎮區,501208052,16,22.59352,120.31129
高雄中學(東側),三民區,501203053,26,22.63794,120.29875
平和路公共停車場,小港區,501212017,28,22.56274,120.33546
公二公園,三民區,501203062,15,22.63605,120.34341
鳳儀書院,鳳山區,501206076,15,22.62748,120.35976
高雄車站(九如二路),三民區,501203071,37,22.64126,120.30193
岡山國中(岡燕路),岡山區,501216003,15,22.79171,120.30389
岡山文化中心停車場,岡山區,501216016,15,22.78437,120.29733
四維行政中心(四維三路),苓雅區,501202040,45,22.61996,120.31145
高餐大附中,小港區,501212013,23,22.56627,120.37218
中鋼會館,前鎮區,501208041,15,22.60411,120.30253
同盟博愛路口,三民區,501203064,16,22.65163,120.30200
清豐土庫路口,楠梓區,501210045,16,22.73629,120.33146
中崙國中,鳳山區,501206078,16,22.60223,120.35337
牛潮埔公園,鳳山區,501206079,16,22.64632,120.37048
捷運楠梓加工出口區站(1號出口),楠梓區,501210034,42,22.71857,120.30616
高雄大學,楠梓區,501210039,29,22.73263,120.28425
鳳山區第二衛生所,鳳山區,501206054,17,22.59383,120.33303
楠梓國小,楠梓區,501210009,14,22.73277,120.32813
高雄少年及家事法院,楠梓區,501210012,15,22.73101,120.33545
臺灣高雄少年及家事法院(常順街),楠梓區,501210044,16,22.73261,120.33512
高雄市立圖書館右昌分館,楠梓區,501210038,17,22.71558,120.29021
高雄市區監理所,楠梓區,501210041,15,22.73113,120.31704
中華民國空軍第三後勤指揮部,岡山區,501216017,15,22.78448,120.27589
航空教育展示館,岡山區,501216018,10,22.79462,120.27131
台灣滷味博物館停車場,岡山區,501216019,10,22.81849,120.26778
土庫清豐二路口東北側,楠梓區,501210008,28,22.73624,120.33012
鳳山行政中心東側,鳳山區,501206066,56,22.62974,120.34433
秀群加宏路口東側,楠梓區,501210031,18,22.71873,120.29880
岡山和平公園,岡山區,501216009,15,22.797826,120.302277
國立高雄科技大學第一校區,楠梓區,501210037,20,22.75270,120.33139
捷運高雄國際機場站(1號出口),小港區,501212015,28,22.56942,120.34373
捷運後勁站(1號出口),楠梓區,501210043,17,22.72254,120.31640
捷運前鎮高中站(1號出口),前鎮區,501208038,24,22.58815,120.32193
岡山河堤公園(仁義路側),岡山區,501216013,15,22.78609,120.29510
勵志新城(岡山路側),岡山區,501216015,19,22.79048,120.29611
大昌春陽街口,三民區,501203049,27,22.64712,120.33200
捷運衛武營(5號出口),苓雅區,501202031,15,22.62573,120.34232
正義車站,苓雅區,501202032,20,22.63398,120.34317
步道公園,小港區,501212019,16,22.564751,120.331480
桂陽公園,小港區,501212021,32,22.58196,120.35060
市立中山高級中學(藍田路側),楠梓區,501210040,52,22.72736,120.29195
高雄都會公園(德民路側),楠梓區,501210020,15,22.73099,120.31599
後勁公園,楠梓區,501210021,19,22.72369,120.31642
鳳陽社區,鳳山區,501206029,14,22.61989,120.37332
鳳西運動公園(五權南路),鳳山區,501206051,15,22.621869,120.352755
林園區衛生所,林園區,501215004,14,22.5081,120.39472
後庄國小,大寮區,501219010,15,22.63742,120.38971
公園大成街口,鹽埕區,501204004,14,22.619511,120.287158
鹽埕區敬老亭,鹽埕區,501204005,16,22.63168,120.28533
惠民里集會所,楠梓區,501210013,15,22.73217,120.32287
仁昌里公園,楠梓區,501210015,15,22.72223,120.29432
加昌國小(智群路側),楠梓區,501210017,14,22.71991,120.29794
榮新加昌路口南側,楠梓區,501210018,14,22.71437,120.29733
哨船頭公園,鼓山區,501209025,15,22.61845,120.26877
老爺公園,鳳山區,501206022,10,22.60561,120.34384
過勇頂庄路口,鳳山區,501206043,15,22.588446,120.362695
歡樂17停車場,楠梓區,501210003,15,22.71038,120.29273
藍田公園(高雄大學路側),楠梓區,501210007,15,22.72868,120.28499
楠陽國小,楠梓區,501210011,15,22.72495,120.32998
王公國小,林園區,501215005,16,22.5056396,120.3886269
科工館車站,苓雅區,501202033,40,22.637029,120.326333
捷運大寮站(1號出口),大寮區,501219003,30,22.62075,120.3907
仁慈公園,仁武區,501214005,16,22.671871,120.357746
承德公園,仁武區,501214007,12,22.6846057,120.3424083
八卦國小,仁武區,501214008,14,22.6898618,120.332586
八德停車場,仁武區,501214009,13,22.681023,120.340181
右昌國中,楠梓區,501210033,14,22.71328,120.28675
高楠五高楠四街口,仁武區,501214010,10,22.6921003,120.3244006
文中二公園,大社區,501222002,14,22.73412,120.35125
金龍路46巷,大社區,501222003,10,22.7290485,120.3536578
古文物公園,仁武區,501214002,15,22.6789356,120.3453803
慈惠公園,仁武區,501214003,15,22.6763956,120.3478232
捷運楠梓加工區站(2號出口),楠梓區,501210023,22,22.71834,120.30671
翠屏里活動中心(德賢路530巷口),楠梓區,501210024,15,22.72715,120.30192
楠梓高中,楠梓區,501210027,61,22.74456,120.33130
林園行政中心,林園區,501215001,14,22.51305,120.39468
幸福公園,林園區,501215002,17,22.500539,120.3947778
中芸國小,林園區,501215003,20,22.48822,120.39583
後備指揮部,仁武區,501214001,13,22.6722145,120.3313256
正修科技大學東側,鳥松區,501218001,20,22.6493381,120.3508555
大埤調洪公園,鳥松區,501218002,15,22.651472,120.339795
大華里民活動中心,鳥松區,501218003,18,22.6553456,120.3409911
南正兒童公園,鳳山區,501206048,15,22.5993568,120.3313158
五甲國小,鳳山區,501206049,11,22.598004,120.333952
後庄車站,大寮區,501219009,22,22.63989,120.39018
楠梓區公所,楠梓區,501210010,15,22.7287,120.32639
燕巢區公所,燕巢區,501228001,14,22.7881,120.36242
兒二公園,燕巢區,501228002,10,22.79306,120.36643
捷運都會公園站(3號出口),楠梓區,501210019,25,22.73046,120.321
五甲公園南側,鳳山區,501206037,20,22.592467,120.323164
自強南進三街口,鳳山區,501206039,19,22.590363,120.329551
正義里活動中心,鳳山區,501206040,15,22.60265,120.34013
山頂國小,大寮區,501219004,16,22.60766,120.38841
中庄國中,大寮區,501219006,24,22.63684,120.40186
新光高中,大寮區,501219007,20,22.6348,120.3901
翁公園,大寮區,501219008,18,22.6215,120.40695
文福兒童公園,鳳山區,501206044,16,22.636717,120.346691
文德國小,鳳山區,501206045,14,22.64055,120.352689
高雄市救國團,前金區,501205018,18,22.62878,120.29443
南和公園,鳳山區,501206019,20,22.59639,120.33545
觀音牛路巷公園,大社區,501222001,11,22.7276649,120.3510808
捷運鳳山西站(2號出口),鳳山區,501206032,60,22.6253057,120.3485009
和德街公園,鳳山區,501206033,15,22.6184166,120.3609758
五甲國中,鳳山區,501206034,19,22.599438,120.328104
福誠國小,鳳山區,501206036,18,22.597344,120.325277
前鎮區公所,前鎮區,501208026,21,22.5871,120.31801
獅甲社區(興仁國中棒球場),前鎮區,501208029,15,22.60203,120.30339
國立鳳新高中(新富路),鳳山區,501206017,40,22.61298,120.34292
鳳西羽球館西北側,鳳山區,501206031,20,22.623801,120.3522822
安化門遺址,鳳山區,501206026,18,22.62147,120.3575
普同精舍,楠梓區,501210025,14,22.72754,120.29801
清豐公有停車場,楠梓區,501210029,13,22.73786,120.32761
右昌元帥府,楠梓區,501210032,15,22.71077,120.2894
濱海臨海路口(西南側),鼓山區,501209024,22,22.62364,120.26987
瑞隆東同明街口,鳳山區,501206021,15,22.60631,120.34314
頂庄頂明路口,鳳山區,501206056,10,22.5885144,120.3551263
惠民公有停車場,楠梓區,501210014,15,22.72336,120.29414
南和保安一街口,鳳山區,501206052,15,22.592114,120.336876
富新國慶九街口,鳳山區,501206053,12,22.58855,120.3402
楠梓和平公園,楠梓區,501210022,15,22.72233,120.31245
黃埔公園,鳳山區,501206027,15,22.62272,120.368188
光華安寧街口,鳳山區,501206030,15,22.62051,120.35452
高鐵重信路口東側,左營區,501207059,19,22.68634,120.3083
捷運世運站(2號出口),楠梓區,501210001,20,22.7023,120.30228
七號公園(加昌路側),楠梓區,501210004,20,22.7148,120.29619
加昌兒童遊戲場,楠梓區,501210005,20,22.71832,120.29659
福誠高中,鳳山區,501206038,32,22.58926,120.32307
瑞興國小(博愛路),鳳山區,501206041,15,22.62994,120.36911
五甲南榮兒童公園,鳳山區,501206047,14,22.6011747,120.333953
五福公園,鳳山區,501206050,14,22.588539,120.327786
五甲社區公園,鳳山區,501206023,18,22.61664,120.34883
國光安寧街口,鳳山區,501206025,16,22.61832,120.35352
青海九如路口(東北側),鼓山區,501209021,14,22.65182,120.27927
鳳山運動公園,鳳山區,501206016,18,22.61674,120.34077
保安濕地公園,鳳山區,501206018,14,22.59271,120.35302
衛武營公園,鳳山區,501206020,17,22.61719,120.34439
捷運技擊館站(1號出口),苓雅區,501202030,23,22.62781,120.33361
瑞竹兒童公園,鳳山區,501206014,15,22.6257,120.36999
捷運大東站(1號出口),鳳山區,501206015,50,22.62549,120.36326
第六河川局,岡山區,501216007,17,22.79039,120.28733
皮克尼克公園,鼓山區,501209019,25,22.65438,120.28801
鼓山高中,鼓山區,501209020,20,22.65136,120.27503
中華復興路口(西南側),前鎮區,501208027,30,22.60619,120.30437
正興公有停車場,三民區,501203048,16,22.6463,120.319
捷運油廠國小站(2號出口),楠梓區,501210002,20,22.70913,120.30199
捷運五塊厝站(4號出口),苓雅區,501202029,30,22.62925,120.32791
岡山公園(壽華路側),岡山區,501216004,15,22.79684,120.29312
仁壽橋(溪東路側),岡山區,501216006,18,22.79372,120.29070
仁壽橋(阿公店路二段側),岡山區,501216008,13,22.79450,120.28989
果峰果峰街50巷口北側,左營區,501207056,16,22.67052,120.28720
蓮池潭兒童公園南區停車場,左營區,501207058,19,22.68643,120.30241
管仲沱江街口,前鎮區,501208028,16,22.60632,120.31198
翠峰果峰街12巷口東側,左營區,501207057,20,22.67196,120.28909
青海美術東二路口(西北側),鼓山區,501209016,29,22.65145,120.28775
美術東四美術東七街口(東北側),鼓山區,501209017,13,22.66205,120.29041
五甲社區公有停車場,鳳山區,501206024,15,22.61518,120.35009
瑞興兒童公園,鳳山區,501206028,17,22.62876,120.36707
中華一路161巷口,鼓山區,501209014,12,22.66309,120.29286
果貿公有市場西側,左營區,501207047,17,22.66895,120.28725
逢甲翠華路397巷口(東南側),鼓山區,501209015,15,22.66316,120.28422
福德公有停車場,苓雅區,501202026,30,22.63288,120.32789
凹子底森林公園(龍德路側),鼓山區,501209011,25,22.66042,120.29724
凹子底森林公園(明誠三路側),鼓山區,501209012,21,22.66099,120.29911
福康國小,苓雅區,501202027,15,22.61916,120.33062
正心公園,苓雅區,501202028,13,22.63419,120.33264
華榮慶豐路口,鼓山區,501209013,15,22.66789,120.29571
環球影城(大順三路),苓雅區,501202025,14,22.63224,120.32529
鳳山行政中心,鳳山區,501206013,18,22.62952,120.34266
行仁行禮街口,苓雅區,501202022,14,22.62596,120.34327
中華興中路口(東南角),苓雅區,501202023,15,22.61456,120.30177
四維行政大樓,苓雅區,501202024,15,22.62138,120.31248
捷運五塊厝站(2號出口),苓雅區,501202019,17,22.62977,120.32717
武廟市場停車場,苓雅區,501202020,16,22.62908,120.33182
曹公國小,鳳山區,501206012,20,22.62804,120.35726
捷運鹽埕埔站(1號出口),鹽埕區,501204003,44,22.62290,120.28334
三信家商,苓雅區,501202021,28,22.62214,120.32928
捷運巨蛋站(4號出口),左營區,501207046,18,22.66740,120.30349
明誠富民路口(路口四處),左營區,501207044,21,22.66120,120.30540
勝利國小(南屏路側),左營區,501207045,20,22.67220,120.29470
民康兒童公園,鼓山區,501209007,15,22.66201,120.29435
捷運凹子底站(4號出口),鼓山區,501209008,86,22.65938,120.30286
永芳公園,大寮區,501219001,14,22.60783,120.39459
美術東四美術北五街口(北側),鼓山區,501209009,20,22.66429,120.29039
內惟公園(新疆路側),鼓山區,501209010,14,22.65649,120.27758
左營區公所,左營區,501207042,16,22.68979,120.29516
明潭蓮潭路口東側,左營區,501207043,18,22.69000,120.29918
慈惠醫院,大寮區,501219002,19,22.63868,120.39751
民權永富街口,苓雅區,501202016,17,22.61767,120.31399
華立兒童公園,小港區,501212012,13,22.56402,120.36853
公務人力發展中心(政德路側),左營區,501207041,35,22.67770,120.30034
民族大昌路口,三民區,501203046,22,22.65899,120.31555
福居兒童遊戲場,苓雅區,501202017,20,22.62085,120.33448
金馬公有停車場,苓雅區,501202018,21,22.62373,120.33402
凱旋同慶路口(西南角),苓雅區,501202014,18,22.62775,120.32236
文澄兒童公園,鳳山區,501206009,17,22.64390,120.35357
文福文化西路口,鳳山區,501206010,15,22.63393,120.34555
高雄市衛生局,苓雅區,501202015,16,22.62620,120.32549
醒村(後門),岡山區,501216001,18,22.78321,120.28477
河華岡山路口南側,岡山區,501216002,13,22.80149,120.29199
保安休憩公園,鳳山區,501206011,14,22.59811,120.34407
復華高中,苓雅區,501202013,17,22.62107,120.31325
博愛大順路口,鼓山區,501209005,18,22.65588,120.30321
小鹿公園,鼓山區,501209006,19,22.65729,120.29128
河南二路75號北側,前金區,501205015,9,22.63574,120.29651
三民高中西側,三民區,501203043,38,22.66349,120.32628
明誠聯興路口,三民區,501203044,29,22.65978,120.31358
明誠裕國街口,鼓山區,501209004,15,22.66104,120.29351
軍校海功路口西側,左營區,501207040,15,22.69340,120.29234
熱河自由路口,三民區,501203045,18,22.64353,120.30933
苓雅中正國小,苓雅區,501202012,20,22.63027,120.33330
左營忠信路8巷口西側,左營區,501207038,20,22.67620,120.28672
左營左營大路6巷口西側,左營區,501207039,20,22.67897,120.28721
褒揚廣場,三民區,501203042,17,22.64178,120.33952
光復三市中路口,前金區,501205014,23,22.62335,120.29234
正道公園,苓雅區,501202011,15,22.63461,120.33539
鳳山區公所,鳳山區,501206008,17,22.62746,120.36255
龍華國小,鼓山區,501209002,20,22.65493,120.29745
高雄市勞工局,前鎮區,501208024,21,22.58819,120.32174
漢民公園(漢民路),小港區,501212011,30,22.56676,120.35810
泰順河南路口,苓雅區,501202009,16,22.63192,120.31984
捷運衛武營站(4號出口),苓雅區,501202010,22,22.62499,120.34177
文萊崇德路口西北側,左營區,501207037,16,22.67689,120.30213
明誠馬卡道路口(東南側),鼓山區,501209003,14,22.66249,120.28539
博愛九如二路(東北側),三民區,501203040,24,22.641376,120.30299
前金國中,前金區,501205013,21,22.63056,120.29036
高雄宏平郵局,小港區,501212010,12,22.56992,120.35963
捷運巨蛋站(2號出口),鼓山區,501209001,40,22.66483,120.30310
民族一路543巷口,三民區,501203041,25,22.66676,120.31469
鎮北國小,鳳山區,501206007,16,22.64290,120.36867
中正高中,苓雅區,501202007,19,22.62618,120.33826
皓東路17巷口,三民區,501203039,15,22.64902,120.33114
中山青年路口西北側,前金區,501205012,20,22.62031,120.30198
高雄師範大學(學生宿舍),苓雅區,501202004,42,22.62664,120.31948
高雄師範大學(活動中心),苓雅區,501202005,26,22.62388,120.32054
自來水公園,苓雅區,501202006,16,22.62758,120.31492
捷運鳳山國中站(1號出口),鳳山區,501206005,35,22.62453,120.37099
鳳山商工(文衡路),鳳山區,501206006,20,22.63628,120.35678
苓雅國中,苓雅區,501202003,30,22.61855,120.30719
陽明網球中心,三民區,501203034,23,22.64544,120.33952
寶華兒童公園,三民區,501203035,17,22.63830,120.34134
大順九如路口,三民區,501203036,22,22.63933,120.32779
高雄市立正興國民中學,三民區,501203037,20,22.64394,120.31984
高雄市立民族國民中學西北側,三民區,501203038,15,22.640628,120.332198
鹽埕國中,鹽埕區,501204002,13,22.62255,120.28800
文山兒童四公園,鳳山區,501206004,22,22.64076,120.35027
中山國中(漢民路),小港區,501212009,17,22.56675,120.35482
捷運文化中心站(2號出口),苓雅區,501202002,27,22.63015,120.31772
高雄國際會議中心,鹽埕區,501204001,25,22.62617,120.28624
捷運後驛站(1號出口南側),三民區,501203028,25,22.64739,120.30317
建民公園,三民區,501203029,33,22.64650,120.31787
五福自強路口東南側,前金區,501205010,14,22.62165,120.29695
高雄女中,前金區,501205011,30,22.62085,120.29267
三民高中東側,三民區,501203030,30,22.66068,120.32856
鼎金國民中學,三民區,501203031,17,22.65597,120.32071
獅湖國小,三民區,501203032,19,22.67263,120.32132
鼎泰廣場公園,三民區,501203033,27,22.66437,120.31610
捷運鳳山站(1號出口),鳳山區,501206003,46,22.62581,120.35610
三民家商(裕誠路側),左營區,501207035,25,22.66590,120.30235
大裕昌富街口,三民區,501203027,15,22.65704,120.32870
台鐵鳳山站(曹公路),鳳山區,501206001,48,22.63199,120.35776
清湖公園,鳳山區,501206002,18,22.64418,120.34977
捷運中央公園站(3號出口),新興區,501201016,26,22.62684,120.30152
高雄科技大學東北側,三民區,501203025,51,22.65175,120.32845
鼎中路199巷口,三民區,501203026,15,22.66334,120.31920
高雄公園(中山四路),小港區,501212005,15,22.56934,120.34667
大業北二苓路口,小港區,501212006,15,22.56574,120.34600
合作公園(金城路),小港區,501212007,16,22.58215,120.36570
合作公園(勝安街),小港區,501212008,12,22.58215,120.36422
新莊華夏路口北側,左營區,501207033,21,22.67300,120.29797
三民家商(南屏路側),左營區,501207034,24,22.66640,120.30021
中山五福路口西北側,前金區,501205009,25,22.62342,120.30098
博愛明華路口東北側,左營區,501207036,15,22.66319,120.30336
裕誠富民路口東北側,左營區,501207031,16,22.66566,120.30557
捷運後驛站(3號出口),三民區,501203023,18,22.64929,120.30347
正興國小,三民區,501203024,17,22.64599,120.32812
大義國中(城峰路側),左營區,501207032,16,22.67510,120.29093
中正民族路口(東南角),苓雅區,501202001,14,22.63044,120.31367
義德公園,三民區,501203021,20,22.64437,120.33531
三民公園南側,三民區,501203022,19,22.64541,120.30416
捷運生態園區站(2號出口),左營區,501207030,50,22.67710,120.30659
七賢自強路口東北側,前金區,501205008,15,22.63225,120.29286
捷運巨蛋站(5號出口),左營區,501207028,60,22.66730,120.30317
捷運中央公園站(2號出口),新興區,501201015,25,22.62389,120.30124
十全民族路口,三民區,501203019,15,22.64480,120.31471
捷運後驛站(1號出口北側),三民區,501203020,20,22.64826,120.30313
高雄醫學大學,三民區,501203017,68,22.64899,120.31024
民族九如路口,三民區,501203018,18,22.63998,120.31376
國立科學工藝博物館,三民區,501203016,17,22.64180,120.32105
捷運美麗島站(2號出口),新興區,501201002,40,22.63035,120.30175
捷運美麗島站(5號出口),新興區,501201003,23,22.63118,120.30310
捷運美麗島站(10號出口),新興區,501201001,23,22.63213,120.30212
七賢洛陽街口,新興區,501201004,15,22.63416,120.30945
時代大道中華路口(西北側),前鎮區,501208001,34,22.59675,120.30825
捷運凱旋站(3號出口),前鎮區,501208002,29,22.59760,120.31418
捷運凱旋站(2號出口),前鎮區,501208003,24,22.59673,120.31570
前鎮地政事務所,前鎮區,501208004,12,22.58723,120.31874
捷運生態園區站(1號出口),左營區,501207001,44,22.67604,120.30631
中山七賢路口西南側,新興區,501201005,19,22.63422,120.30209
中山八德路口西南側,新興區,501201006,28,22.63565,120.30219
新興高中,新興區,501201007,19,22.62399,120.30346
新興公園西南側,新興區,501201008,25,22.63601,120.31219
中正和平路口西北側,新興區,501201009,20,22.63041,120.31771
六合錦田路口,新興區,501201010,10,22.63235,120.31097
微笑公園(文奇路側),左營區,501207002,17,22.67424,120.30936
博愛文奇路口南側,左營區,501207003,27,22.67316,120.30478
左營分局新莊派出所,左營區,501207004,10,22.66827,120.31163
重愛公園(文慈路側),左營區,501207005,17,22.68340,120.31839
微笑公園(崇德路8巷口),左營區,501207006,15,22.67312,120.30957
微笑公園(新庄仔路545巷口),左營區,501207007,19,22.67102,120.31370
同安德昌路口,前鎮區,501208005,15,22.58341,120.31735
前鎮國中(草衙一路),前鎮區,501208006,21,22.58380,120.32214
捷運草衙站(4號出口),前鎮區,501208007,30,22.58064,120.32795
港壽崇安街口,前鎮區,501208008,17,22.57187,120.33082
后安停車場,前鎮區,501208009,30,22.57336,120.32220
紅毛港國小,前鎮區,501208010,15,22.58441,120.33454
高雄文學館,前金區,501205001,17,22.62572,120.29765
建國同愛街口西北側,三民區,501203001,20,22.63791,120.30047
市立高雄高級中學,三民區,501203002,23,22.63798,120.29750
建國同愛街口東側,三民區,501203003,19,22.63773,120.30137
河北二中華三路口,三民區,501203004,16,22.63510,120.29377
河濱國小,三民區,501203005,20,22.63499,120.28741
河東路建國三路口,三民區,501203006,15,22.63392,120.28585
中華遼北街口,三民區,501203007,15,22.64712,120.29153
建國錦田路口西北側,三民區,501203008,16,22.63749,120.31052
捷運信義國小站(5號出口),新興區,501201011,22,22.63073,120.31292
高雄市財稅行政大樓,新興區,501201012,18,22.63069,120.30977
捷運市議會站(2號出口),前金區,501205002,33,22.62833,120.29410
東金公園,前金區,501205003,19,22.63131,120.29409
新光自強路口,前鎮區,501208011,37,22.61065,120.30084
凱歌憲政路口,三民區,501203009,14,22.63601,120.31803
榮德公園,左營區,501207008,18,22.68481,120.32105
福山國小,左營區,501207009,20,22.68425,120.31596
民裕鄭和南路口(西南側),前鎮區,501208012,30,22.60673,120.31428
華夏西北扶輪公園(重愛路側),左營區,501207010,15,22.68754,120.31303
文藻外語大學正門,左營區,501207011,16,22.67088,120.31805
博愛重立路口南側,左營區,501207012,15,22.67963,120.30897
遼寧哈爾濱街口,三民區,501203010,33,22.64287,120.29939
文興公園,三民區,501203011,15,22.63902,120.28607
三民國小,三民區,501203012,17,22.63658,120.29190
宏平大鵬路口,小港區,501212001,16,22.56976,120.35799
重仁兒童遊戲場(重仁路50巷口),左營區,501207013,20,22.68831,120.31640
幸福公園(高鐵路側),左營區,501207014,20,22.68965,120.31123
復興民權街口,新興區,501201013,22,22.62418,120.30883
忠孝公園,新興區,501201014,19,22.62717,120.30575
博愛明誠路口東南側,左營區,501207015,16,22.66035,120.30322
龍華國中(靠近自由二路6巷口),左營區,501207016,25,22.65863,120.30905
明誠自由路口(路口三處),左營區,501207017,23,22.66107,120.30909
光興裕誠路口東南側,左營區,501207018,15,22.66398,120.31172
裕誠裕誠472巷口(東西2側),左營區,501207019,18,22.66579,120.30434
捷運獅甲站(4號出口),前鎮區,501208013,27,22.60619,120.30765
捷運獅甲站(3號出口),前鎮區,501208014,19,22.60659,120.30799
前鎮西甲敬老亭,前鎮區,501208015,15,22.60744,120.30784
中正高工(汕頭街口),前鎮區,501208016,22,22.61017,120.31735
裕誠富國路口(路口二處),左營區,501207020,19,22.66536,120.30713
自由自由三路101巷口西北側,左營區,501207021,15,22.67071,120.31059
微笑公園(天祥二路側),左營區,501207022,23,22.66881,120.31365
三塊厝車站,三民區,501203013,24,22.63960,120.29472
福山廣場(博愛四路側),左營區,501207023,16,22.68507,120.31407
重平兒童遊戲場,左營區,501207024,20,22.68437,120.31128
自由二路6巷至聖路口東側,左營區,501207025,14,22.65929,120.31156
崗山仔公園,前鎮區,501208017,15,22.60585,120.33740
堯山延慶街口,三民區,501203014,16,22.64331,120.31648
山東承德街口,三民區,501203015,12,22.64264,120.31147
河南自強路口,前金區,501205004,17,22.63410,120.29167
自強民生路口西北側,前金區,501205005,22,22.62561,120.29516
建國國小,前金區,501205006,20,22.63168,120.29770
中正瑞源路口西南側,前金區,501205007,12,22.62977,120.29750
原生植物園(靠高鐵路側),左營區,501207026,16,22.68280,120.30320
舊城國小(蓮潭路側),左營區,501207027,18,22.68280,120.29241
高雄廣澤郵局,前鎮區,501208018,15,22.61590,120.31059
25號綠地公園,前鎮區,501208019,16,22.61641,120.31578
中正高工(黃埔街口),前鎮區,501208020,21,22.61155,120.31779
台鋁廣場,前鎮區,501208021,17,22.60430,120.30373
瑞北停車場,前鎮區,501208022,15,22.60892,120.32972
瑞祥高中,前鎮區,501208023,30,22.60170,120.32528
捷運小港站(2號出口),小港區,501212002,14,22.56413,120.35460
捷運小港站(1號出口),小港區,501212003,15,22.56380,120.35461
德平街兒童遊戲場,小港區,501212004,16,22.56417,120.34968
